id_saison;id_episode;No_season;nom_episode_fr;nom_episode_eng;id_realisateur;nom_realisateur;id_auteur;nom_auteur;annee_eng;id_lieu;nom_lieu;duree_episode;resume_episode
1;1;1;Les morts de Jéricho;The Dead of Jericho;1;Alastair Reed;1;Anthony Minghella;06/01/1987;1;Maison de Anne Stavely  à Jericho;93;Mort à Jericho : Rendant une visite non prévue à une jeune femme avec qui il avait plus que sympathisé six mois plus tôt, Morse va se retrouver pris dans un engrenage kafkaïen. N est-il pas le dernier à avoir été vu entrant chez la victime ? Car la belle Anne Scott a été retrouvée pendue deux heures après l étrange visite de Morse. Suicide ? Meurtre ?
1;2;2; Le monde silencieux de Nicholas Quinn;The Silent World of Nicholas Quinn;2;Brian Parker;2;Julian Mitchell;13/01/1987;2;Oxford;93;Le monde silencieux de Nicholas Quinn : Oxford est le siège de plusieurs universités. Dans l une d entre elles, un bureau est chargé d envoyer les sujets d examens à travers le monde en toute discrétion. Aucune information ne doit évidemment filtrer. Un certain Nicholas Quinn fait partie des nouvelles recrues de l établissement. Il est sourd mais sait lire sur les lèvres de interlocuteurs. Au cours d une soirée, il surprend une conversation révélant qu un des sept membres du bureau est corrompu et touche des pots-de-vin. Quelques jours plus tard, Quinn est retrouvé mort. L inspecteur Morse et son fidèle adjoint Lewis sont chargés de l enquête dans cette ville du savoir…
1;3;3;Service de tous les morts;Service of All the Dead;3;Peter Hammond;2;Julian Mitchell;20/01/1987;3;A côté d une église;93;Au service de la mort : Cinq cadavres sont découverts à côté d une église. L inspecteur Morse, qui dispose de peu de temps pour élucider ces meurtres, soupçonne un membre du clergé…
2;4;1;La langue de Wolvercote;The Wolvercote Tongue;1;Alastair Reid;2;Julian Mitchell;25/12/1987;2;Oxford;99;Un groupe de riches touristes américains vient visiter la ville d’Oxford et s’arrête à l’hôtel Randolph. Là, Laura Pointdexter succombe à une crise cardiaque en ayant, semble-t-il, surpris un voleur dans sa chambre, en train de lui dérober un précieux bijou. Celui-ci, l’ardillon de Wolvercote, devait être cédé par Laura Pointdexter à l’Ashmolean Museum. Bientôt, le mari de la victime disparaît... 
2;5;2; Port vu pour la dernière fois;Last Seen Wearing;4;Edward Bennett;3;Thomas Ellice;08/03/1988;4;Le pensionnat;101;Morse se voit confier, malgré lui, une affaire de jeune fille disparue. Immédiatement persuadé qu’elle est morte, il s’obstine à vouloir chercher un cadavre malgré l’insistance du père de la victime, un industriel exécrable. Rapidement, l’enquête s’oriente vers le pensionnat où la jeune fille faisait ses études. 
2;6;3;Le coucher du soleil;The Settling of the Sun;3;Peter Hammond;4;Charles Wood;15/03/1988;2;Oxford;102;Des étudiants étrangers débarquent en masse à Oxford. Morse a été convié par son amie Jane Robson à participer à leur accueil pour leur concocter un petit concours de mots croisés. Mais en plein repas, un étudiant japonais est victime d’un malaise et se retire dans sa chambre. Peu après, il est découvert mort, poignardé et crucifié sur le sol en une étrange mise en scène. Selon toute vraisemblance, le crime a eu lieu alors que l’inspecteur se trouvait encore dans les murs…
2;7;4;Dernier bus pour Woodstock;Last Bus to Woodstock;5;Peter Duffell;5;Michael Wilcox;22/03/1988;5;Woodstock;101;Deux jeunes femmes attendent, par une nuit pluvieuse, le dernier autobus pour Woodstock. L’une d’elle est finalement prise en autostop par un mystérieux automobiliste. Pendant ce temps, le petit ami de cette jeune femme piétine d’impatience à l’attendre dans un pub. Sortant prendre l’air, il finit par la découvrir morte sur le parking du pub. 
3;8;1;Fantôme dans la machine;Ghost in the Machine;6;Herbert Wise;2;Julian Mitchell;04/01/1989;6;Hanbury House;93;Des tableaux de valeur sont volés dans une maison seigneuriale, Hanbury House, et Sir Julius Hanbury, le propriétaire, a disparu. Après que Morse a trouvé le corps de Sir Julius dans sa chapelle privée, lui et Lewis sont impliqués dans un accident de voiture qui entraîne un décès. Lewis remarque que la conduite de frein est coupée et le conducteur de la voiture a une note sur lui en réponse à une menace de chantage.
3;9;2;Le dernier ennemi;The Last Enemy;7;James Scott;6;Peter Buckman;11/01/1989;7;Londres;99;Lorsqu’un corps décapité est trouvé dans le canal, la police doit d’abord identifier la victime. Le Maître d’un collège d’Oxford, Sir Alexander Reece, contacte son vieil ami Morse pour obtenir de l’aide pour localiser le Maître adjoint, David Kerridge, qui est maintenant en retard de quatre jours de son retour prévu au collège. Kerridge est retrouvé battu à mort dans son appartement de Londres, mais bizarrement, il est également déterminé que le corps dans le canal portait l’un des costumes de Kerridge. Morse et Lewis concluent que le corps sans tête est celui de Nicholas Balarat, un membre du collège de Reece et un haut fonctionnaire qui peut avoir refusé Reece une nomination importante. Cependant, un autre meurtre au collège envoie les inspecteurs dans une direction tout à fait différente.
3;10;3;Trompé par le vol;Deceived by Flight;8;Anthony Simmons;1;Anthony Minghella;18/01/1989;2;Oxford;99;Morse et Lewis enquêtent sur la mort d’Anthony Donn qui assiste à un match de cricket de vieux garçons à son collège d’Oxford avant que l’équipe ne fasse une tournée européenne. Morse le connaissait et l’avait effectivement rencontré à nouveau peu de temps avant sa mort. La mort ressemble à un suicide, mais Morse a ses doutes. Tout comme sa femme Kate, qui est surprise d’apprendre que son mari portait une arme chargée. Lewis s’infiltre et rejoint l’équipe de cricket. Il apprend qu’il y a au moins un couple, les Foster, qui séjournent au collège et qui ne sont peut-être pas ceux qu’ils prétendent être. Quand un second meurtre se produit sur le terrain de cricket, Morse apprend la vraie nature du séjour des Foster au collège et commence à percer le mystère.
3;11;4;Le secret de la baie 5B;The Secret of Bay 5B;9;Jim Goddard;7;Alma Cullen;25/01/1989;8;Dans un parking;99;Morse et Lewis enquêtent sur la mort de Michael Gifford, un architecte prospère qui a été étranglé alors qu’il était assis dans son véhicule dans un parking à plusieurs niveaux. En examinant ses antécédents, ils constatent qu’il était un égotiste qui avait des relations avec plusieurs femmes et avait des employés qui étaient indifférents ou dévastés par sa mort. Il y a plusieurs suspects, dont Brian Pierce, qui détournait des fonds de l’entreprise pour son propre usage, Rosemary Henderson, avec qui il avait une liaison et son mari George qui meurt d’insuffisance hépatique. En fin de compte, Morse découvre une ruse trompeuse qui les met finalement sur le chemin de l’identification du tueur.
4;12;1; Le serpent infernal;The Infernal Serpent;10;John Madden;7;Alma Cullen;03/01/1990;2;Oxford;102;Morse et Lewis enquêtent sur la mort du Dr. Julian Dear, agrégé supérieur d’un collège d’Oxford. Dear devait participer à un débat le soir de sa mort, où il était dirigé lorsqu’il a été attaqué, a subi une crise cardiaque mortelle pendant ce qui semblait être une agression. Le Maître du Collège, Matthew Copley-Barnes, tombe sur un jeune homme penché sur le corps de Dear, et le jeune homme repousse le Maître dans son évasion. Morse apprend bientôt que Copley-Barnes a reçu des colis étranges, et aussi que le Collège a d’importants investissements dans Corby International, une grande entreprise bio-agricole / chimique. Ces faits et l’intérêt d’une journaliste bien connue, Sylvie Maxton, écrire un article sur le Maître conduit Morse à une dissimulation complexe d’informations scientifiques ainsi que la découverte d’une tragédie longtemps cachée
4;13;2;Les péchés des pères;The Sins of the Fathers;3;Peter Hammond;8;Jeremy Burnham;10/01/1990;9;Dans une brasserie;101;Trevor Radford, directeur général des brasseries Radford de la famille, est retrouvé assassiné dans la brasserie. Il avait travaillé tard un soir à monter une défense contre une tentative importune de prise de contrôle d’une brasserie rivale. Il semble y avoir un certain désaccord dans la famille quant à savoir s’ils devraient vendre. Son frère Stephen, un entrepreneur à part entière, a pensé que le temps était venu de se débarrasser d’une proposition perdante, mais leur père voudrait maintenir la tradition familiale qui s’étend maintenant sur 150 ans. Morse et Lewis apprennent que la femme de Trevor avait une liaison avec Stephen, donc il y a toujours la possibilité qu’il y ait un crime de passion plutôt que de cupidité. Ils ont aussi appris qu’il y a longtemps, on avait porté plainte contre les actifs de l’entreprise.
4;14;3;Conduit à la distraction;Driven to Distraction;11;Sandy Johnson;1;Anthony Minghella;17/01/1990;10;Concessionnaire;102;Morse et Lewis enquêtent sur la mort de Jackie Thorn qui a été trouvée attachée et poignardée dans son appartement. Le meurtre est une copie conforme de celui qui a eu lieu 27 jours auparavant et ils supposent que les deux ont été commis par le même homme. Le sergent Siobhan Maitland, spécialiste des crimes contre les femmes, se joint à l’équipe. Au cours de l’enquête, ils constatent que les deux femmes avaient acheté leurs voitures du même concessionnaire et Morse devient convaincu que le propriétaire, Jeremy Boynton, est le coupable. Quand ils trouvent une troisième victime d’agression qui a survécu à une attaque environ 5 ans auparavant, Morse est plus convaincu que jamais. La seule chose maintenant est que Morse a besoin de preuves, à condition qu’il ait le bon homme bien sûr.
4;15;4;Mystères maçonniques;Masonic Mysteries;12;Danny Boyle;2;Julian Mitchell;24/01/1990;11;Salle de musique;102;Morse fait l’objet d’une enquête pour meurtre quand son ami, Beryl Newsome, est assassiné à une répétition de la Flûte Magique et qu’il touche bêtement l’arme du crime. Morse est suspendu et le commissaire Alex Bottomley, avec l’aide du commissaire Robbie Lewis, est chargé de l’affaire. Morse sent qu’il a été piégé et regarde son passé pour voir qui, parmi les nombreux criminels qu’il a arrêtés, pourrait maintenant se venger. Quand quelqu’un griffe des symboles maçonniques partout dans sa voiture et il est signalé pour la conduite erratique, Morse se demande si les maçons peuvent en quelque sorte être impliqués. Quand un grand nombre de ses effets personnels sont trouvés dans l’appartement de Beryl, Morse est placé en état d’arrestation.
5;16;1;La seconde fois;Second Time Around;13;Adrian Sherigold;9;Daniel Boyle;20/03/1991;12;Oxfordshire;103;Charlie Hillian, un officier supérieur très estimé et distingué, vient de prendre sa retraite et écrit un livre sur ses plus grandes affaires. Pendant la nuit après avoir reçu un OBE, Hillian est tué dans une lutte dans sa maison rurale de l’Oxfordshire. Les notes pour un chapitre de son prochain livre sont manquantes, le seul cas dans le livre qui Hillian et son alors DS, Patrick Dawson, jamais résolu. Cette affaire concernait le meurtre d’une fillette de huit ans, Mary Lapsley, et il semble que quelqu’un veuille que ce chapitre ne soit pas publié.
5;17;2;Gros hasard;Fat Chance;14;Roy Battersby;7;Alma Cullen;27/03/1991;13;l Église anglicane;103;Victoria Hazlett est une étudiante brillante qui aspirait au sacerdoce dans l’Église anglicane. Lorsqu’elle s’effondre et meurt au cours d’un examen, l’autopsie révèle qu’elle a probablement été empoisonnée, mais le pathologiste ne peut pas vraiment identifier l’une des substances trouvées dans son système. Victoria était membre d’un groupe qui défendait les femmes prêtres et dirigeait un refuge pour les femmes qui avaient besoin d’aide dans leur vie. Plusieurs membres du groupe estiment qu’un groupe anti-femmes dirigé par le révérend Geoffrey Boyd est responsable, mais il y a peu de preuves. Il ya un lien vers une clinique de perte de poids à proximité. Morse est très attiré par l’une des femmes du groupe, mais il est surpris d’apprendre qu’elle lui a menti au sujet de ses allées et venues la nuit avant la mort de Victoria.
5;18;3;Qui a tué Harry Field ?;Who Killed Harry Field?;15;Colin Gregg;10;Geoffrey Case;13/03/1991;2;Oxford;102;Morse et Lewis enquêtent sur le meurtre du raconteur amusant Harry Field, un artiste médiocre sans véritable style à appeler le sien, avec beaucoup de ses peintures mettant en vedette la même femme mystère. Alors qu’ils creusent plus profondément dans son passé, ils découvrent un lien possible avec la contrefaçon d’art. Pendant ce temps, Lewis envisage d’essayer une promotion dans la Division de la circulation.
5;19;4;Grecs portant des cadeaux;Greeks Bearing Gifts;13;Adrian Sherigold;11;Peter Nichols;20/03/1991;14;restaurant grec local;100;Morse et Lewis enquêtent quand Nicos, le chef d’un restaurant grec local, est retrouvé assassiné. Il avait été en Angleterre pendant 6 mois et ils apprennent d’abord peu sur lui, sauf qu’il était bien aimé et n’avait pas d’ennemis. Ils ont finalement appris qu’il avait déjà été en Angleterre comme sous-chef pour Digby Tuckerman, un 03and de roues dont l’hôtel a fait faillite et espère maintenant ouvrir une série de parcs à thème marins. Morse sollicite les conseils de Randall Rees, un expert scientifique sur les navires grecs anciens et apprend qu’il a lui aussi été récemment en Grèce en tant qu’organisateur d’un symposium sur les navires maritimes grecs anciens. Quand la sœur de Nicos est aussi tuée, Morse doit déterminer qui les voudrait tous les deux morts.
5;20;5;Terre promise;Promised Land;10;John Madden;2;Julian Mitchell;27/03/1991;15; Australie;98;Morse et Lewis se rendent en Australie pour réinterroger un homme qui est devenu un témoin protégé après avoir témoigné contre un gangster. Des questions sur la validité de l’affaire ont été soulevées en Angleterre, et maintenant l’informateur peut être en danger. Le vol de banque dans lequel le témoin protégé a été impliqué et a témoigné est l’objet de l’épisode
6;21;1;Fini à l heure;Dead on Time;10;John Madden;9;Daniel Boyle;26/03/1992;2;Oxford;93;Quand Henry Fallon, un don d’Oxford, se suicide, Morse découvre qu’il a un lien douloureux avec la veuve de l’homme, Susan.
6;22;2;Familles heureuses;Happy Families;13;Adrian Sherigold;9;Daniel Boyle;11/03/1992;16;campagne;93;Morse est victime d’une campagne de haine de la presse alors qu’il enquête sur la mort d’un cruel industriel.
6;23;3;La mort de soi;The Death of the Self;15;Colin Gregg;7;Alma Cullen;25/03/1992;17; Italie;93;L’inspecteur en chef Morse enquête sur le meurtre d’une Anglaise à l’étranger en Italie, et traîne un sergent-détective réticent Robert Lewis avec lui. Enquêtant sur la mort de May Lawrence qui a été tué alors qu’il fréquentait une clinique de psychothérapie, Morse, alors qu’il était là, tombe amoureux de la chanteuse d’opéra glamour Nicole Burgess.
6;24;4;Conviction absolue;Absolute Conviction;16;Antonia Bird;12;John Brown;08/04/1992;18;cellule de la prison;92;Lawrence Cryer, reconnu coupable de fraude immobilière, est retrouvé mort dans une cellule de la prison à sécurité minimale de Farnleigh. Morse, Lewis et D.S. Cheetham interrogent divers détenus, dont les anciens partenaires de Cryer, Bailey et Thornton, qui sont également incarcérés à Farnleigh et diverses victimes de la fraude. Le gouverneur de Farnleigh, Hillary Stevens, est également interrogé. Un détenu, Charlie Bennett, incarcéré pour le meurtre de sa femme, est soupçonné d’en être l’auteur.
6;25;5;Chérubins et Séraphins;Cherubim and Seraphim;12;Danny Boyle;2;Julian Mitchell;15/04/1992;19;scène des raves locales;93;Les suicides d’adolescents, dont la nièce de Morse, sont liés à la scène des raves locales. Dans le cadre de sa préparation à l’examen d’inspecteur, Lewis est temporairement affecté à un autre inspecteur qui travaille strictement selon les règles.
7;26;1;Sommeil mortel;Deadly Slumber;12;Daniel Boyle;13;Stuart Orme;06/01/1993;20;garage;93;"Matthew Brewster, propriétaire d’une clinique privée, est retrouvé mort dans son garage avec le moteur de la voiture en 03e. Le pathologiste découvre qu’il a été assassiné. Morse et Lewis interrogent la femme et le fils du défunt. Ils découvrent que Michael Steppings a menacé la victime ; la fille de Steppings a été déclarée en mort cérébrale alors qu’elle subissait une simple intervention chirurgicale à la clinique. Steppings est interrogé pour le meurtre et est libéré quand Morse prouve son alibi. Pendant ce temps, Lewis découvre que Wendy Hazlitt, une infirmière à la clinique, a eu une liaison avec Matthew Brewster. Il découvre également une série de lettres de menaces anonymes, utilisant des mots tirés de journaux et de magazines, qui ont été envoyés à la victime. Les examens médico-légaux révèlent que l’une des lettres a été trafiquée, et qu’une menace de mort supplémentaire a été ajoutée, en utilisant de la colle différente de celle utilisée sur l’autre lettre - et sur toutes les autres lettres. L’enquête de Morse mène au fils de la victime et à sa croyance que le fils faisait chanter la victime. Morse accompagne Steppings pour rendre visite à sa fille comateuse à l’hôpital, où elle est maintenue en réanimation. Il découvre que Steppings a entouré son lit d’hôpital de photos de famille et de ses jouets préférés. Plus tard, alors qu’il est en détention, Steppings demande à Morse de veiller sur sa fille, car il n’a jamais manqué un jour de la voir depuis la blessure. Sentant que Steppings n’est peut-être pas le meurtrier, et aimant l’humanité apparente de l’homme, Morse décide d’honorer la demande de Steppings. Plus tard, lorsque Steppings est en mesure de reprendre la visite de sa fille, il trouve des fleurs fraîches à son chevet - ce qui amène Morse à réaliser que tout dépend de la blessure cruelle causée à la fille de Steppings et ceux qui sont responsables de cette blessure."
7;27;2;Le jour du diable;The Day of the Devil;17;Stephen Whittaker;9;Daniel Boyle;13/01/1993;2;Oxford;99;John Peter Barrie, un violeur reconnu coupable et adorateur du diable, s évade d une infirmerie de prison en échappant aux autorités avec plusieurs déguisements. Morse et Lewis commencent une chasse à l homme pour tenter de le retrouver. Ils interrogent sa thérapeute de la prison, le docteur Esther Martin, et Humphrey Appleton, prêtre et expert en occultisme, qui leur fournit des informations sur l état d esprit de Barrie. Pendant ce temps, Barrie enlève Holly Trevors, épouse de Steven Trevors, un petit boulot travaillant pour l université d Oxford, mais la libère. Barrie demande alors à rencontrer le Dr Martin le jour de Lammas, un jour païen de feu rituel. Lewis visite une librairie occulte, où il découvre que l un de leurs clients réguliers est un collègue de Steven Trevors. Morse commence à soupçonner que quelqu un aide Barrie, après que les déclarations des témoins révèlent que ses déguisements impliquent un maquillage théâtral professionnel. Pendant ce temps, les empreintes digitales de Steven Trevors sont découvertes, auparavant non identifiées, sur la base de données de la police d un crime antérieur non résolu, qui est lié à Barrie. Le jour de Lammas, un groupe d adorateurs du diable célèbrent une messe noire, lorsqu ils sont soudainement entourés d un anneau de feu et que Steven Trevors est brûlé vif. Le mystère s approfondit lorsque la connexion beaucoup plus ancienne de Barrie avec son thérapeute de prison est révélée. et Steven Trevors est brûlé vif. Le mystère s approfondit lorsque la connexion beaucoup plus ancienne de Barrie avec son thérapeute de prison est révélée. et Steven Trevors est brûlé vif. Le mystère s approfondit lorsque la connexion beaucoup plus ancienne de Barrie avec son thérapeute de prison est révélée.
7;28;3;crépuscule des Dieux;Twilight of the Gods;18;Herbert Wise;2;Julian Mitchell;20/01/1993;2;Oxford;92;Neville Grimshaw, un journaliste d investigation, est retrouvé abattu. La diva de l opéra Gwladys Probert est abattue par un tireur d élite lors d une procession universitaire à laquelle assistent Morse et Lewis. Morse et Lewis découvrent que Grimshaw enquêtait sur Andrew Baydon, un futur bienfaiteur majeur du collège. Une enquête révèle que les deux fusillades sont liées. Baydon, un survivant d un camp de concentration nazi, se révèle être un collaborateur et un gardien, et Morse soupçonne qu il a ordonné le meurtre de Grimshaw, ce qui l amène à se rendre compte que Victor Ignotas, un survivant du même camp, a peut-être involontairement tiré sur Probert. tout en essayant de tuer Baydon.
spe;29;1;Le chemin à travers les bois;The Way Through the Woods;10;John Madden;14;Russell Lewis;29/11/1995;21;prison;101;"Stephen Parnell, qui a avoué le meurtre de cinq personnes, est tué en prison, mais dans sa déclaration mourante, il affirme qu il n a pas tué la dernière victime, Karen Anderson. Morse apprend que les meurtres ont d abord fait l objet d une enquête par DCI Martin Johnson et Lewis l été précédent, mais que le corps de Karen Anderson n a jamais été retrouvé. Morse devient convaincu que Johnson a ignoré des preuves clés et que le corps de Karen Anderson a été enterré à Wytham Woods, et non à Blenheim Lake, comme Parnell l avait déclaré dans ses aveux. Morse interroge George Daley, un témoin qui a trouvé le sac de voyage d Anderson une semaine après sa disparition, et l a remis à la police. Le lendemain, Daley est retrouvé abattu dans l un des jardins du palais de Blenheim, et Morse est chargé parce que Strange pense que Johnson a peut-être écourté l enquête. Morse et Lewis interviewent ensuite le Dr Alan Hardinge, l économe du Lonsdale College; Dave Michaels, le jardinier de Wytham Woods ; et Margaret et Philip Daley, la femme et le fils de George Daley. Lorsqu ils interrogent Mme Daley et son fils, ils abordent des photos trouvées sur l appareil photo de Karen Anderson. Lewis identifie l emplacement sur l une des photos comme Park Town, ce qui les conduit à Alisdair McBryde, un résident local. McBryde identifie le Dr James Myton, un médecin sud-africain, qui semble avoir fui le pays au milieu de sa location d un appartement local et apparaît sur deux des photos. Morse et Lewis découvrent que McBryde et Myton avaient encouragé Karen Anderson à poser pour eux pour des photos de nu la veille de sa disparition. Une perquisition dans l appartement de Myton conduit Morse à convaincre Strange de le laisser fouiller Wytham Woods. Lorsque la recherche révèle des restes squelettiques, Morse est convaincu que Karen Anderson a été retrouvée."
spe;30;2;Les Filles de Caïn;The Daughters of Cain;18;Herbert Wise;2;Julian Mitchell;27/11/1996;2;Oxford;100;"Le Dr Felix McClure, professeur d université à la retraite, est retrouvé poignardé à mort dans son appartement. Le numéro de téléphone de ""Kay"" se trouve dans les notes de McClure. Morse et Lewis commencent à enquêter sur les associés et les étudiants de McClure. Ceux-ci incluent Ted Brooks, son ancien éclaireur, qui a été limogé par McClure pour trafic de drogue apparent; Matthew Rodway, un étudiant décédé dans des circonstances douteuses ; et Ashley Davies, une autre étudiante et amie de Rodway, qui entraîne des chevaux de course à Seven Barrows près de Lambourn, et a été rustique par McClure. Ils découvrent que Ted Brooks a abusé physiquement et émotionnellement de sa femme, Brenda, pendant des années. La fille de Brenda, Kay, qui est une escorte de grande classe et fiancée à Ashley, a également été maltraitée par son beau-père, Ted, lorsqu elle vivait à la maison. Morse interroge Kay sur sa relation avec Felix et Ted. Morse interroge également Julia Stevens, institutrice et amie très proche de Brenda, qui se meurt d une tumeur au cerveau. Morse soupçonne que Ted Brooks a tué McClure parce que McClure avait découvert que Ted vendait à nouveau de la drogue aux étudiants. Ted disparaît de sa maison et son corps est retrouvé dans une rivière voisine. Brenda Brooks avoue avoir détruit des preuves qui incriminent son mari dans la mort de McClure. Morse et Lewis ne sont pas d accord sur l opportunité de rechercher un éventuel complice, qu ils soupçonnent d avoir aidé Brenda à disposer des preuves. Morse est convaincu que Kay, Julia et Brenda ont été impliquées dans la disparition et le meurtre de Ted; il y a juste un hic - aucune preuve pour prouver sa théorie. Morse soupçonne que Ted Brooks a tué McClure parce que McClure avait découvert que Ted vendait à nouveau de la drogue aux étudiants. Ted disparaît de sa maison et son corps est retrouvé dans une rivière voisine. Brenda Brooks avoue avoir détruit des preuves qui incriminent son mari dans la mort de McClure. Morse et Lewis ne sont pas d accord sur l opportunité de rechercher un éventuel complice, qu ils soupçonnent d avoir aidé Brenda à disposer des preuves. Morse est convaincu que Kay, Julia et Brenda ont été impliquées dans la disparition et le meurtre de Ted; il y a juste un hic - aucune preuve pour prouver sa théorie. Morse soupçonne que Ted Brooks a tué McClure parce que McClure avait découvert que Ted vendait à nouveau de la drogue aux étudiants. Ted disparaît de sa maison et son corps est retrouvé dans une rivière voisine. Brenda Brooks avoue avoir détruit des preuves qui incriminent son mari dans la mort de McClure. Morse et Lewis ne sont pas d accord sur l opportunité de rechercher un éventuel complice, qu ils soupçonnent d avoir aidé Brenda à disposer des preuves. Morse est convaincu que Kay, Julia et Brenda ont été impliquées dans la disparition et le meurtre de Ted; il y a juste un hic - aucune preuve pour prouver sa théorie. Morse et Lewis ne sont pas d accord sur l opportunité de rechercher un éventuel complice, qu ils soupçonnent d avoir aidé Brenda à disposer des preuves. Morse est convaincu que Kay, Julia et Brenda ont été impliquées dans la disparition et le meurtre de Ted; il y a juste un hic - aucune preuve pour prouver sa théorie. Morse et Lewis ne sont pas d accord sur l opportunité de rechercher un éventuel complice, qu ils soupçonnent d avoir aidé Brenda à disposer des preuves. Morse est convaincu que Kay, Julia et Brenda ont été impliquées dans la disparition et le meurtre de Ted; il y a juste un hic - aucune preuve pour prouver sa théorie."
spe;31;3;La mort est maintenant ma voisine;Death is Now My Neighbour;19;Charles Beeson;2;Julian Mitchell;19/11/1997;22;Maison de Rachel James;92;Rachel James, une physiothérapeute, est abattue à travers une fenêtre de sa propre maison alors qu elle fermait les stores un vendredi matin. Pendant ce temps, le Dr Julian Storrs et Denis Cornford sont deux candidats enfermés dans une intense rivalité pour le Master of Lonsdale College, pour remplacer Sir Clixby Bream. Morse et Lewis commencent l enquête en interrogeant ses voisins et la clinique où elle travaillait. Morse établit bientôt que Julian Storrs a donné à Rachel une carte de la Saint-Valentin trouvée en sa possession et avait une liaison avec elle au moment de sa mort. Morse apprend également de Storrs que Denis Cornford et Adele Cecil, une voisine de Rachel, étaient autrefois amants. Le lendemain matin, Geoffrey Owens, le voisin de Rachel, est retrouvé abattu chez lui dans des circonstances similaires. Parce qu il n y a pas de numéro 13, Morse conclut que Rachel James a été tuée par erreur et que Geoffrey Owens était la victime visée. Morse découvre également qu Owens a complété les revenus de son journaliste en faisant chanter des victimes inconnues. Parmi les papiers d Owens, Morse trouve un bout de papier dans un dossier avec un article qu il avait écrit sur la retraite de Bream. Le chalut de Morse à travers les archives le mène à un cas où la femme au foyer Alice Martin et sa fille Debra ont tiré sur le mari d Alice, Kenneth, un riche homme d affaires, puis l ont brûlé sur son yacht, parce qu il allait s enfuir avec une femme plus jeune. Morse découvre qu Alice et Debra ont changé leurs noms en Angela et Diane Cullingham, pour éviter que la tache de leur passé ne les suive - et qu Angela Cullingham est depuis devenue Angela Storrs. Morse découvre également qu Owens a complété les revenus de son journaliste en faisant chanter des victimes inconnues. Parmi les papiers d Owens, Morse trouve un bout de papier dans un dossier avec un article qu il avait écrit sur la retraite de Bream. Le chalut de Morse à travers les archives le mène à un cas où la femme au foyer Alice Martin et sa fille Debra ont tiré sur le mari d Alice, Kenneth, un riche homme d affaires, puis l ont brûlé sur son yacht, parce qu il allait s enfuir avec une femme plus jeune. Morse découvre qu Alice et Debra ont changé leurs noms en Angela et Diane Cullingham, pour éviter que la tache de leur passé ne les suive - et qu Angela Cullingham est depuis devenue Angela Storrs. Morse découvre également qu Owens a complété les revenus de son journaliste en faisant chanter des victimes inconnues. Parmi les papiers d Owens, Morse trouve un bout de papier dans un dossier avec un article qu il avait écrit sur la retraite de Bream. Le chalut de Morse à travers les archives le mène à un cas où la femme au foyer Alice Martin et sa fille Debra ont tiré sur le mari d Alice, Kenneth, un riche homme d affaires, puis l ont brûlé sur son yacht, parce qu il allait s enfuir avec une femme plus jeune. Morse découvre qu Alice et Debra ont changé leurs noms en Angela et Diane Cullingham, pour éviter que la tache de leur passé ne les suive - et qu Angela Cullingham est depuis devenue Angela Storrs. Morse trouve un bout de papier dans un dossier avec un article qu il avait écrit sur la retraite de Bream. Le chalut de Morse à travers les archives le mène à un cas où la femme au foyer Alice Martin et sa fille Debra ont tiré sur le mari d Alice, Kenneth, un riche homme d affaires, puis l ont brûlé sur son yacht, parce qu il allait s enfuir avec une femme plus jeune. Morse découvre qu Alice et Debra ont changé leurs noms en Angela et Diane Cullingham, pour éviter que la tache de leur passé ne les suive - et qu Angela Cullingham est depuis devenue Angela Storrs. Morse trouve un bout de papier dans un dossier avec un article qu il avait écrit sur la retraite de Bream. Le chalut de Morse à travers les archives le mène à un cas où la femme au foyer Alice Martin et sa fille Debra ont tiré sur le mari d Alice, Kenneth, un riche homme d affaires, puis l ont brûlé sur son yacht, parce qu il allait s enfuir avec une femme plus jeune. Morse découvre qu Alice et Debra ont changé leurs noms en Angela et Diane Cullingham, pour éviter que la tache de leur passé ne les suive - et qu Angela Cullingham est depuis devenue Angela Storrs.
spe;32;4;La fille est morte;The Wench is Dead;20;Robert Knights;15;Malcolm Bradbury;11/11/1998;23;Boston;100;"Morse et Strange assistent à une exposition intitulée ""Criminal Oxford"", mais lors d une conférence du Dr Millicent Van Buren, professeur invité de l Université de Boston, Morse commence à se sentir malade et est retrouvé plus tard par Strange effondré sur le sol des toilettes. Pendant son hospitalisation, Morse reçoit un diagnostic d ulcère hémorragique, que son médecin attribue à sa consommation excessive d alcool. Pour passer le temps dans sa convalescence, il lit le livre de Van Buren sur les techniques d enquête victoriennes, qui détaille le meurtre en 1859 de Joanna Franks, dont le corps a été retrouvé flottant dans le canal d Oxford. Rory Oldfield et Alfred Musson, deux bateliers sur un fly-boat sur lequel Joanna voyageait, ont été reconnus coupables du meurtre et pendus; un autre, Walter Towns, a reçu une commutation de dernière minute vers le transport à vie. Cependant, Morse en vient à croire que les hommes n ont pas tué Joanna et ont été victimes d une erreur judiciaire. Avec l aide d Adele Cecil et de l agent Adrian Kershaw, Morse découvre plusieurs incohérences dans le procès. Par exemple, Joanna avait accusé les bateliers d être grossiers et ivres, mais a ensuite été vue en train de boire et de sourire avec eux. Un quatrième batelier sur le fly-boat, un adolescent qui n a pas été inculpé, a témoigné à charge. La taille des chaussures de Joanna ne correspondait pas à la longueur de sa robe, qui avait été modifiée, et ses tiroirs, qui avaient été décrits comme déchirés ou déchirés, avaient en fait été délibérément coupés au couteau. Kershaw enquête sur le paiement de l assurance à Charles Franks et découvre que Joanna s était assurée elle-même et que le paiement de 300 £ a été intégralement versé à Charles Franks. Bien que Morse soit incapable d exhumer le corps de Joanna, il se rend à Bertraghboy Bay, sur la côte ouest de l Irlande, pour ouvrir la tombe de Frank Donavan. Lorsque le cercueil est ouvert, il n y a aucun reste humain. Morse découvre que Donald ""Don"" Favant, un passant lorsque le corps a été retrouvé, et Charles Franks, sont des pseudonymes dérivés de Frank Donavan. Don Favant est un anagramme de FT Donavan."
spe;33;5;Le jour du remords;The Remorseful Day;21;Jack Gold;16;Stephen Churchett;15/11/2000;24;Maison de Yvonne Harrison;97;"Yvonne Harrison est assassinée dans son lit et retrouvée par son mari Frank, son corps ayant été laissé dans une position sexuellement compromettante. Morse, après aucun progrès, est retiré de l affaire après deux mois, et il reste non résolu. Un an plus tard, une lettre anonyme envoyée à la police suggère que Harry Repp, qui doit être libéré de prison, pourrait être l auteur. La santé défaillante de Morse amène Lewis à jouer un rôle plus actif. Paddy Flynn, le chauffeur de taxi qui a conduit Frank Harrison chez lui la nuit du meurtre, est retrouvé mort dans une décharge locale. Harry Repp est également retrouvé mort, dans le coffre d une voiture volée. Un lothario local, John Barron, est tué dans une chute d une échelle. On suppose que les trois hommes avaient fait chanter celui qui a tué Yvonne, et que Barron a tué les deux autres afin qu il puisse garder l argent du chantage pour lui-même. Le fils d Yvonne, Simon, est interrogé sur la mort de Barron, mais un adolescent admet ensuite avoir fait tomber Barron de l échelle en s y écrasant avec son vélo. La police en déduit que la famille Harrison a conspiré après le meurtre d Yvonne pour arrêter le chantage. L adolescent est en fait le fils illégitime de Frank, Roy, qui a menti à la police afin de dégager Simon du meurtre de Barron. Et la fille d Yvonne, Sandra Harrison, un médecin qui avait vu Morse quelques jours plus tôt, avait tué sa mère dans une rage jalouse contre John Barron, qui l avait vue arriver la dernière chez Yvonne. Juste après avoir découvert la vérité, Morse s effondre d une crise cardiaque et meurt plus tard à l hôpital. Lewis reçoit un appel téléphonique à l aéroport, où il est allé intercepter Sandra, qui tente de fuir vers le Canada. Alors, alors que Lewis met Sandra en garde à vue, elle essaie d expliquer ses motivations, mais il la repousse; elle lui dit que Morse comprendra et il crie: ""L inspecteur Morse est mort!"""
